﻿Paying Bribes vs Corruption Perception;;;;;;
Entity;Code;Year;Corruption Perception Index - Transparency International (2018);Bribery Rate (%);Continent;Population (historical estimates)
Afghanistan;AFG;2013;8;46;;31541216
Albania;ALB;2016;39;34;;2881064
Algeria;DZA;2013;36;41;;38000628
Algeria;DZA;2016;34;14;;40339328
Argentina;ARG;2013;34;13;;42388268
Argentina;ARG;2017;39;16;;44054616
Armenia;ARM;2013;36;18;;2901386
Armenia;ARM;2016;33;24;;2865841
Australia;AUS;2013;81;1;;23111788
Australia;AUS;2017;77;4;;24590336
Azerbaijan;AZE;2016;30;38;;9976254
Bangladesh;BGD;2013;27;39;;154030144
Belarus;BLR;2016;40;20;;9708111
Belgium;BEL;2013;75;4;;11103260
Belgium;BEL;2016;77;3;;11316837
Benin;BEN;2015;37;26;Africa;10932791
Bolivia;BOL;2013;34;36;;10743352
Bolivia;BOL;2017;33;28;;11435535
Bosnia and Herzegovina;BIH;2013;42;28;;3617564
Bosnia and Herzegovina;BIH;2016;39;27;;3480985
Botswana;BWA;2015;63;1;Africa;2305177
Brazil;BRA;2017;37;11;;208504960
Bulgaria;BGR;2013;41;8;;7431169
Bulgaria;BGR;2016;41;17;;7245982
Burkina Faso;BFA;2015;38;11;Africa;18718022
Burundi;BDI;2015;21;14;Africa;10727153
Cambodia;KHM;2013;20;57;;14999691
Cambodia;KHM;2017;21;40;;15830694
Cameroon;CMR;2013;25;62;;21632852
Cameroon;CMR;2015;27;48;Africa;23012650
Canada;CAN;2013;81;3;;35063696
Cape Verde;CPV;2015;55;2;Africa;552169
Chile;CHL;2013;71;10;;17509926
Chile;CHL;2017;67;22;;18368582
China;CHN;2017;41;26;;1410275968
Colombia;COL;2013;36;22;;46237928
Colombia;COL;2017;37;30;;48351668
Costa Rica;CRI;2017;59;24;;4993849
Cote d'Ivoire;CIV;2015;32;34;Africa;23596738
Croatia;HRV;2013;48;4;;4308854
Croatia;HRV;2016;49;10;;4223748
Cyprus;CYP;2013;63;19;;1166972
Cyprus;CYP;2016;55;2;;1197889
Czechia;CZE;2013;48;15;;10514547
Czechia;CZE;2016;55;9;;10527584
Democratic Republic of Congo;COD;2013;22;46;;73460032
Denmark;DNK;2013;91;1;;5625393
Dominican Republic;DOM;2017;29;46;;10647247
Ecuador;ECU;2017;32;28;;16696947
Egypt;EGY;2013;32;36;;93377896
Egypt;EGY;2016;34;50;;99784032
El Salvador;SLV;2013;38;12;;6185641
El Salvador;SLV;2017;33;31;;6266661
Estonia;EST;2013;68;6;;1317985
Estonia;EST;2016;70;5;;1315928
Ethiopia;ETH;2013;33;44;;97084376
Finland;FIN;2013;89;1;;5438873
France;FRA;2016;69;2;;63989320
Georgia;GEO;2013;49;4;;3786025
Georgia;GEO;2016;57;7;;3771112
Germany;DEU;2016;81;3;;82331432
Ghana;GHA;2013;46;54;;27525586
Ghana;GHA;2015;47;36;Africa;28870946
Greece;GRC;2013;40;22;;10914501
Greece;GRC;2016;44;10;;10749742
Guatemala;GTM;2017;28;28;;16578718
Guinea;GIN;2015;25;35;Africa;11626003
Honduras;HND;2017;29;33;;9626845
Hong Kong;HKG;2017;77;2;;7461508
Hungary;HUN;2013;54;12;;9894637
Hungary;HUN;2016;48;22;;9815106
India;IND;2013;36;54;;1291132032
India;IND;2017;40;69;;1354195712
Indonesia;IDN;2013;32;36;;253275920
Indonesia;IDN;2017;37;32;;264498848
Iraq;IRQ;2013;16;29;;35481804
Israel;ISR;2013;61;12;;7726675
Italy;ITA;2013;43;5;;60312600
Italy;ITA;2016;47;7;;60118628
Jamaica;JAM;2013;38;12;;2773134
Jamaica;JAM;2017;44;21;;2808388
Japan;JPN;2013;74;1;;127678920
Japan;JPN;2017;73;0;;126662464
Jordan;JOR;2013;45;37;;7694818
Jordan;JOR;2016;48;4;;9964659
Kazakhstan;KAZ;2013;26;34;;17345734
Kazakhstan;KAZ;2016;29;29;;18078558
Kenya;KEN;2013;27;70;;44792368
Kenya;KEN;2015;25;37;Africa;46851496
Kosovo;OWID_KOS;2013;33;16;;1805676
Kosovo;OWID_KOS;2016;36;10;;1750724
Kyrgyzstan;KGZ;2013;24;45;;5719561
Kyrgyzstan;KGZ;2016;28;38;;6018303
Latvia;LVA;2013;53;19;;2031491
Latvia;LVA;2016;57;15;;1973477
Lebanon;LBN;2016;28;28;;6258628
Lesotho;LSO;2015;44;5;Africa;2118532
Liberia;LBR;2013;38;75;;4427319
Liberia;LBR;2015;37;69;Africa;4612330
Libya;LBY;2013;15;62;;5985228
Lithuania;LTU;2013;57;26;;3028191
Lithuania;LTU;2016;59;24;;2933676
Madagascar;MDG;2013;28;28;;23588078
Madagascar;MDG;2015;28;16;Africa;24850912
Malawi;MWI;2015;31;13;Africa;16938944
Malaysia;MYS;2013;50;3;;30134806
Malaysia;MYS;2017;47;23;;31975812
Mali;MLI;2015;35;18;Africa;18112910
Mauritius;MUS;2015;53;1;Africa;1293159
Mexico;MEX;2013;34;33;;117290680
Mexico;MEX;2017;29;51;;122839256
Moldova;MDA;2013;35;29;;3416532
Moldova;MDA;2016;30;42;;3225125
Mongolia;MNG;2013;38;45;;2845160
Mongolia;MNG;2017;36;20;;3096033
Montenegro;MNE;2016;45;16;;633264
Morocco;MAR;2013;37;49;;33803528
Morocco;MAR;2016;37;48;;35107272
Mozambique;MOZ;2013;30;62;;25251738
Myanmar;MMR;2017;30;40;;52288344
Namibia;NAM;2015;53;7;Africa;2282709
Nepal;NPL;2013;31;31;;27381558
Netherlands;NLD;2016;83;2;;17124512
New Zealand;NZL;2013;91;3;;4450641
Nicaragua;NIC;2017;26;30;;6480534
Niger;NER;2015;34;10;Africa;20128132
Nigeria;NGA;2013;25;44;;174726128
Nigeria;NGA;2015;26;43;Africa;183995776
North Macedonia;MKD;2013;44;17;;2102220
North Macedonia;MKD;2016;37;12;;2110194
Norway;NOR;2013;86;3;;5080667
Pakistan;PAK;2013;28;34;;205337552
Pakistan;PAK;2017;32;40;;216379648
Panama;PAN;2017;37;38;;4096071
Papua New Guinea;PNG;2013;25;27;;8245634
Paraguay;PRY;2013;24;25;;6005656
Paraguay;PRY;2017;29;23;;6355406
Peru;PER;2013;38;20;;30038810
Peru;PER;2017;37;39;;31605488
Philippines;PHL;2013;36;12;;99700112
Poland;POL;2015;63;7;Europe;38553148
Portugal;PRT;2013;62;3;;10464537
Portugal;PRT;2016;62;2;;10332751
Romania;ROU;2013;43;17;;20066550
Romania;ROU;2016;48;29;;19797820
Russia;RUS;2016;29;34;;145109152
Rwanda;RWA;2013;53;13;;11101352
Senegal;SEN;2013;41;57;;13595571
Senegal;SEN;2015;44;8;Africa;14356191
Serbia;SRB;2013;42;26;;7566674
Serbia;SRB;2016;42;22;;7493288
Sierra Leone;SLE;2013;30;84;;6964867
Sierra Leone;SLE;2015;29;41;Africa;7314779
Slovakia;SVK;2013;47;21;;5414744
Slovakia;SVK;2016;51;12;;5431205
Slovenia;SVN;2013;57;6;;2072374
Slovenia;SVN;2016;61;3;;2090020
South Africa;ZAF;2013;42;47;;53873608
South Africa;ZAF;2015;44;7;Africa;55876504
South Korea;KOR;2013;55;3;;50098228
South Korea;KOR;2017;54;3;;51511640
South Sudan;SSD;2013;14;39;;11106037
Spain;ESP;2013;59;2;;46603460
Spain;ESP;2016;58;3;;46473320
Sri Lanka;LKA;2013;37;19;;21131762
Sri Lanka;LKA;2017;38;15;;21506816
Sudan;SDN;2013;11;17;;35990708
Sudan;SDN;2016;14;48;;39377168
Sweden;SWE;2016;88;1;;9953322
Switzerland;CHE;2013;85;7;;8088370
Taiwan;TWN;2013;61;36;;23330332
Taiwan;TWN;2017;63;6;;23665028
Tajikistan;TJK;2016;25;50;;8725326
Tanzania;TZA;2013;33;56;;49253648
Tanzania;TZA;2015;30;25;Africa;52542824
Thailand;THA;2013;35;18;;69578600
Thailand;THA;2017;37;41;;70898208
Togo;TGO;2015;32;26;Africa;7473232
Tunisia;TUN;2013;41;18;;11300284
Tunisia;TUN;2016;41;9;;11685666
Turkey;TUR;2013;50;21;;76576120
Turkey;TUR;2016;41;18;;81019400
Uganda;UGA;2013;26;61;;35273568
Uganda;UGA;2015;25;38;Africa;37477356
Ukraine;UKR;2013;25;37;;45307104
Ukraine;UKR;2016;29;38;;44833568
United Kingdom;GBR;2013;76;5;;64302296
United Kingdom;GBR;2016;81;0;;65655204
United States;USA;2013;73;7;;319375168
Uruguay;URY;2013;73;3;;3381187
Uruguay;URY;2017;70;22;;3422205
Uzbekistan;UZB;2016;21;18;;31453576
Venezuela;VEN;2013;20;27;;29838022
Vietnam;VNM;2013;31;30;;90267736
Vietnam;VNM;2017;35;65;;94033048
Yemen;YEM;2013;18;74;;26984008
Yemen;YEM;2016;14;77;;29274010
Zambia;ZMB;2015;38;17;Africa;16248231
Zimbabwe;ZWE;2013;21;62;;13555420
Zimbabwe;ZWE;2015;21;22;Africa;14154937