﻿Entity;Code;Continent;Population (historical estimates)
Afghanistan;AFG;;31541216
Albania;ALB;;2881064
Algeria;DZA;;38000628
Algeria;DZA;;40339328
Argentina;ARG;;42388268
Argentina;ARG;;44054616
Armenia;ARM;;2901386
Armenia;ARM;;2865841
Australia;AUS;;23111788
Australia;AUS;;24590336
Azerbaijan;AZE;;9976254
Bangladesh;BGD;;154030144
Belarus;BLR;;9708111
Belgium;BEL;;11103260
Belgium;BEL;;11316837
Benin;BEN;Africa;10932791
Bolivia;BOL;;10743352
Bolivia;BOL;;11435535
Bosnia and Herzegovina;BIH;;3617564
Bosnia and Herzegovina;BIH;;3480985
Botswana;BWA;Africa;2305177
Brazil;BRA;;208504960
Bulgaria;BGR;;7431169
Bulgaria;BGR;;7245982
Burkina Faso;BFA;Africa;18718022
Burundi;BDI;Africa;10727153
Cambodia;KHM;;14999691
Cambodia;KHM;;15830694
Cameroon;CMR;;21632852
Cameroon;CMR;Africa;23012650
Canada;CAN;;35063696
Cape Verde;CPV;Africa;552169
Chile;CHL;;17509926
Chile;CHL;;18368582
China;CHN;;1410275968
Colombia;COL;;46237928
Colombia;COL;;48351668
Costa Rica;CRI;;4993849
Cote d'Ivoire;CIV;Africa;23596738
Croatia;HRV;;4308854
Croatia;HRV;;4223748
Cyprus;CYP;;1166972
Cyprus;CYP;;1197889
Czechia;CZE;;10514547
Czechia;CZE;;10527584
Democratic Republic of Congo;COD;;73460032
Denmark;DNK;;5625393
Dominican Republic;DOM;;10647247
Ecuador;ECU;;16696947
Egypt;EGY;;93377896
Egypt;EGY;;99784032
El Salvador;SLV;;6185641
El Salvador;SLV;;6266661
Estonia;EST;;1317985
Estonia;EST;;1315928
Ethiopia;ETH;;97084376
Finland;FIN;;5438873
France;FRA;;63989320
Georgia;GEO;;3786025
Georgia;GEO;;3771112
Germany;DEU;;82331432
Ghana;GHA;;27525586
Ghana;GHA;Africa;28870946
Greece;GRC;;10914501
Greece;GRC;;10749742
Guatemala;GTM;;16578718
Guinea;GIN;Africa;11626003
Honduras;HND;;9626845
Hong Kong;HKG;;7461508
Hungary;HUN;;9894637
Hungary;HUN;;9815106
India;IND;;1291132032
India;IND;;1354195712
Indonesia;IDN;;253275920
Indonesia;IDN;;264498848
Iraq;IRQ;;35481804
Israel;ISR;;7726675
Italy;ITA;;60312600
Italy;ITA;;60118628
Jamaica;JAM;;2773134
Jamaica;JAM;;2808388
Japan;JPN;;127678920
Japan;JPN;;126662464
Jordan;JOR;;7694818
Jordan;JOR;;9964659
Kazakhstan;KAZ;;17345734
Kazakhstan;KAZ;;18078558
Kenya;KEN;;44792368
Kenya;KEN;Africa;46851496
Kosovo;OWID_KOS;;1805676
Kosovo;OWID_KOS;;1750724
Kyrgyzstan;KGZ;;5719561
Kyrgyzstan;KGZ;;6018303
Latvia;LVA;;2031491
Latvia;LVA;;1973477
Lebanon;LBN;;6258628
Lesotho;LSO;Africa;2118532
Liberia;LBR;;4427319
Liberia;LBR;Africa;4612330
Libya;LBY;;5985228
Lithuania;LTU;;3028191
Lithuania;LTU;;2933676
Madagascar;MDG;;23588078
Madagascar;MDG;Africa;24850912
Malawi;MWI;Africa;16938944
Malaysia;MYS;;30134806
Malaysia;MYS;;31975812
Mali;MLI;Africa;18112910
Mauritius;MUS;Africa;1293159
Mexico;MEX;;117290680
Mexico;MEX;;122839256
Moldova;MDA;;3416532
Moldova;MDA;;3225125
Mongolia;MNG;;2845160
Mongolia;MNG;;3096033
Montenegro;MNE;;633264
Morocco;MAR;;33803528
Morocco;MAR;;35107272
Mozambique;MOZ;;25251738
Myanmar;MMR;;52288344
Namibia;NAM;Africa;2282709
Nepal;NPL;;27381558
Netherlands;NLD;;17124512
New Zealand;NZL;;4450641
Nicaragua;NIC;;6480534
Niger;NER;Africa;20128132
Nigeria;NGA;;174726128
Nigeria;NGA;Africa;183995776
North Macedonia;MKD;;2102220
North Macedonia;MKD;;2110194
Norway;NOR;;5080667
Pakistan;PAK;;205337552
Pakistan;PAK;;216379648
Panama;PAN;;4096071
Papua New Guinea;PNG;;8245634
Paraguay;PRY;;6005656
Paraguay;PRY;;6355406
Peru;PER;;30038810
Peru;PER;;31605488
Philippines;PHL;;99700112
Poland;POL;Europe;38553148
Portugal;PRT;;10464537
Portugal;PRT;;10332751
Romania;ROU;;20066550
Romania;ROU;;19797820
Russia;RUS;;145109152
Rwanda;RWA;;11101352
Senegal;SEN;;13595571
Senegal;SEN;Africa;14356191
Serbia;SRB;;7566674
Serbia;SRB;;7493288
Sierra Leone;SLE;;6964867
Sierra Leone;SLE;Africa;7314779
Slovakia;SVK;;5414744
Slovakia;SVK;;5431205
Slovenia;SVN;;2072374
Slovenia;SVN;;2090020
South Africa;ZAF;;53873608
South Africa;ZAF;Africa;55876504
South Korea;KOR;;50098228
South Korea;KOR;;51511640
South Sudan;SSD;;11106037
Spain;ESP;;46603460
Spain;ESP;;46473320
Sri Lanka;LKA;;21131762
Sri Lanka;LKA;;21506816
Sudan;SDN;;35990708
Sudan;SDN;;39377168
Sweden;SWE;;9953322
Switzerland;CHE;;8088370
Taiwan;TWN;;23330332
Taiwan;TWN;;23665028
Tajikistan;TJK;;8725326
Tanzania;TZA;;49253648
Tanzania;TZA;Africa;52542824
Thailand;THA;;69578600
Thailand;THA;;70898208
Togo;TGO;Africa;7473232
Tunisia;TUN;;11300284
Tunisia;TUN;;11685666
Turkey;TUR;;76576120
Turkey;TUR;;81019400
Uganda;UGA;;35273568
Uganda;UGA;Africa;37477356
Ukraine;UKR;;45307104
Ukraine;UKR;;44833568
United Kingdom;GBR;;64302296
United Kingdom;GBR;;65655204
United States;USA;;319375168
Uruguay;URY;;3381187
Uruguay;URY;;3422205
Uzbekistan;UZB;;31453576
Venezuela;VEN;;29838022
Vietnam;VNM;;90267736
Vietnam;VNM;;94033048
Yemen;YEM;;26984008
Yemen;YEM;;29274010
Zambia;ZMB;Africa;16248231
Zimbabwe;ZWE;;13555420
Zimbabwe;ZWE;Africa;14154937