﻿Schooling_Index;;;;;
Entity;Code;Year;Average Total Years of Schooling for Adult Population (Lee-Lee (2016), Barro-Lee (2018) and UNDP (2018));Corruption Perception Index - Transparency International (2018);Population (historical estimates)
Afghanistan;AFG;2012;3.4;8;30466484
Afghanistan;AFG;2013;3.5;8;31541216
Afghanistan;AFG;2014;3.5;12;32716214
Afghanistan;AFG;2015;3.6;11;33753500
Afghanistan;AFG;2016;3.6;15;34636212
Afghanistan;AFG;2017;3.8;15;35643420
Albania;ALB;2012;9.6;33;2892191
Albania;ALB;2013;9.7;31;2887019
Albania;ALB;2014;9.7;33;2884100
Albania;ALB;2015;9.7;36;2882482
Albania;ALB;2016;10;39;2881064
Albania;ALB;2017;10;38;2879361
Algeria;DZA;2012;7.6;34;37260568
Algeria;DZA;2013;7.8;36;38000628
Algeria;DZA;2014;7.9;36;38760168
Algeria;DZA;2015;7.9;36;39543148
Algeria;DZA;2016;8;34;40339328
Algeria;DZA;2017;8;33;41136548
Angola;AGO;2012;4.8;22;25188298
Angola;AGO;2013;4.9;23;26147012
Angola;AGO;2014;4.9;19;27128340
Angola;AGO;2015;5;15;28127724
Angola;AGO;2016;5.1;18;29154742
Angola;AGO;2017;5.1;19;30208634
Argentina;ARG;2012;9.8;35;41952364
Argentina;ARG;2013;9.8;34;42388268
Argentina;ARG;2014;9.8;34;42824064
Argentina;ARG;2015;9.8;32;43257064
Argentina;ARG;2016;9.9;36;43668236
Argentina;ARG;2017;9.9;39;44054616
Armenia;ARM;2012;11.3;34;2914428
Armenia;ARM;2013;11.4;36;2901386
Armenia;ARM;2014;11.5;37;2889937
Armenia;ARM;2015;11.6;35;2878598
Armenia;ARM;2016;11.7;33;2865841
Armenia;ARM;2017;11.7;35;2851929
Australia;AUS;2012;12.6;85;22729272
Australia;AUS;2013;12.6;81;23111788
Australia;AUS;2014;12.7;80;23469578
Australia;AUS;2015;12.8;79;23820240
Australia;AUS;2016;12.9;79;24195706
Australia;AUS;2017;12.9;77;24590336
Austria;AUT;2012;11.8;69;8429641
Austria;AUT;2013;11.9;69;8479542
Austria;AUT;2014;12.1;72;8546066
Austria;AUT;2015;12.1;76;8642422
Austria;AUT;2016;12.1;75;8736491
Austria;AUT;2017;12.1;75;8797497
Azerbaijan;AZE;2012;10.7;27;9485577
Azerbaijan;AZE;2013;10.8;28;9614478
Azerbaijan;AZE;2014;10.7;29;9741879
Azerbaijan;AZE;2015;10.7;29;9863485
Azerbaijan;AZE;2016;10.7;30;9976254
Azerbaijan;AZE;2017;10.7;31;10071569
Bahamas;BHS;2012;11.1;71;382073
Bahamas;BHS;2013;11.1;71;385660
Bahamas;BHS;2014;11.1;71;389137
Bahamas;BHS;2016;11.1;66;395986
Bahamas;BHS;2017;11.1;65;399027
Bahrain;BHR;2012;8.8;51;1224948
Bahrain;BHR;2013;9;48;1261683
Bahrain;BHR;2014;9.1;49;1311142
Bahrain;BHR;2015;9.3;51;1362157
Bahrain;BHR;2016;9.4;43;1409668
Bahrain;BHR;2017;9.4;36;1456844
Bangladesh;BGD;2012;5.1;26;152090656
Bangladesh;BGD;2013;5.1;27;154030144
Bangladesh;BGD;2014;5.2;25;155961312
Bangladesh;BGD;2015;5.2;25;157830000
Bangladesh;BGD;2016;5.2;26;159784576
Bangladesh;BGD;2017;5.8;28;161793968
Barbados;BRB;2012;10.5;76;276207
Barbados;BRB;2013;10.5;75;276873
Barbados;BRB;2014;10.5;74;277501
Barbados;BRB;2016;10.6;61;278660
Barbados;BRB;2017;10.6;68;279199
Belarus;BLR;2012;12;31;9693754
Belarus;BLR;2013;12;29;9691143
Belarus;BLR;2014;12.1;31;9693741
Belarus;BLR;2015;12.2;32;9700609
Belarus;BLR;2016;12.3;40;9708111
Belarus;BLR;2017;12.3;44;9707874
Belgium;BEL;2012;11.2;75;11031140
Belgium;BEL;2013;11.4;75;11103260
Belgium;BEL;2014;11.5;76;11176727
Belgium;BEL;2015;11.7;77;11248306
Belgium;BEL;2016;11.8;77;11316837
Belgium;BEL;2017;11.8;75;11384491
Benin;BEN;2012;3;36;10014087
Benin;BEN;2013;3.2;36;10308730
Benin;BEN;2014;3.3;39;10614845
Benin;BEN;2015;3.5;37;10932791
Benin;BEN;2016;3.6;36;11260091
Benin;BEN;2017;3.6;39;11596786
Bhutan;BTN;2012;2.5;63;721154
Bhutan;BTN;2013;2.8;63;728898
Bhutan;BTN;2014;3.1;65;736362
Bhutan;BTN;2015;3.1;65;743284
Bhutan;BTN;2016;3.1;65;749764
Bhutan;BTN;2017;3.1;67;756130
Bolivia;BOL;2012;8.3;34;10569697
Bolivia;BOL;2013;8.4;34;10743352
Bolivia;BOL;2014;8.5;35;10916991
Bolivia;BOL;2015;8.7;34;11090090
Bolivia;BOL;2016;8.9;33;11263016
Bolivia;BOL;2017;8.9;33;11435535
Bosnia and Herzegovina;BIH;2012;8.3;42;3674376
Bosnia and Herzegovina;BIH;2013;8.7;42;3617564
Bosnia and Herzegovina;BIH;2014;9.2;39;3571070
Bosnia and Herzegovina;BIH;2015;9;38;3524328
Bosnia and Herzegovina;BIH;2016;9.7;39;3480985
Bosnia and Herzegovina;BIH;2017;9.7;38;3440025
Botswana;BWA;2012;9;65;2175429
Botswana;BWA;2013;9.1;64;2217285
Botswana;BWA;2014;9.2;63;2260383
Botswana;BWA;2015;9.2;63;2305177
Botswana;BWA;2016;9.3;60;2352419
Botswana;BWA;2017;9.3;61;2401848
Brazil;BRA;2012;7.3;43;199977712
Brazil;BRA;2013;7.4;42;201721776
Brazil;BRA;2014;7.4;43;203459648
Brazil;BRA;2015;7.6;38;205188208
Brazil;BRA;2016;7.8;40;206859584
Brazil;BRA;2017;7.8;37;208504960
Brunei;BRN;2012;8.9;55;406637
Brunei;BRN;2013;8.9;60;411704
Brunei;BRN;2016;9.1;58;426001
Brunei;BRN;2017;9.1;62;430290
Bulgaria;BGR;2012;10.8;41;7488347
Bulgaria;BGR;2013;10.9;41;7431169
Bulgaria;BGR;2014;10.9;43;7372142
Bulgaria;BGR;2015;11.8;41;7309255
Bulgaria;BGR;2016;11.8;41;7245982
Bulgaria;BGR;2017;11.8;43;7182430
Burkina Faso;BFA;2012;1.4;38;17113736
Burkina Faso;BFA;2013;1.4;38;17636414
Burkina Faso;BFA;2014;1.4;38;18169844
Burkina Faso;BFA;2015;1.4;38;18718022
Burkina Faso;BFA;2016;1.5;42;19275504
Burkina Faso;BFA;2017;1.5;42;19835860
Burundi;BDI;2012;2.7;19;9795479
Burundi;BDI;2013;2.8;21;10149583
Burundi;BDI;2014;2.8;20;10494920
Burundi;BDI;2015;2.9;21;10727153
Burundi;BDI;2016;3;20;10903329
Burundi;BDI;2017;3;22;11155592
Cambodia;KHM;2012;4.5;22;14786650
Cambodia;KHM;2013;4.6;20;14999691
Cambodia;KHM;2014;4.7;21;15210817
Cambodia;KHM;2015;4.7;21;15417527
Cambodia;KHM;2016;4.7;21;15624586
Cambodia;KHM;2017;4.8;21;15830694
Cameroon;CMR;2012;5.7;26;21032684
Cameroon;CMR;2013;5.9;25;21632852
Cameroon;CMR;2014;6;27;22299590
Cameroon;CMR;2015;6.1;27;23012650
Cameroon;CMR;2016;6.3;26;23711626
Cameroon;CMR;2017;6.3;25;24393182
Canada;CAN;2012;12.8;84;34691876
Canada;CAN;2013;12.9;81;35063696
Canada;CAN;2014;13;81;35404616
Canada;CAN;2015;13.1;83;35732120
Canada;CAN;2016;13.1;82;36113532
Canada;CAN;2017;13.3;82;36554344
Cape Verde;CPV;2012;5.4;60;533877
Cape Verde;CPV;2013;5.6;58;539949
Cape Verde;CPV;2014;5.8;57;546083
Cape Verde;CPV;2015;5.9;55;552169
Cape Verde;CPV;2016;6.1;59;558399
Cape Verde;CPV;2017;6.1;55;564959
Central African Republic;CAF;2012;3.8;26;4773306
Central African Republic;CAF;2013;4;25;4802437
Central African Republic;CAF;2014;4.1;24;4798739
Central African Republic;CAF;2015;4.2;24;4819341
Central African Republic;CAF;2016;4.3;20;4904182
Central African Republic;CAF;2017;4.3;23;4996741
Chad;TCD;2012;2.1;19;12754912
Chad;TCD;2013;2.1;19;13216769
Chad;TCD;2014;2.2;22;13697128
Chad;TCD;2015;2.3;22;14140277
Chad;TCD;2016;2.3;20;14592587
Chad;TCD;2017;2.3;20;15085893
Chile;CHL;2012;9.9;72;17341770
Chile;CHL;2013;9.9;71;17509926
Chile;CHL;2014;10.1;73;17687108
Chile;CHL;2015;10.3;70;17870122
Chile;CHL;2016;10.3;66;18083880
Chile;CHL;2017;10.3;67;18368582
China;CHN;2012;7.5;39;1366560768
China;CHN;2013;7.5;40;1376100352
China;CHN;2014;7.6;36;1385189632
China;CHN;2015;7.7;37;1393715456
China;CHN;2016;7.8;40;1401889664
China;CHN;2017;7.8;41;1410275968
Colombia;COL;2012;7.6;36;45782420
Colombia;COL;2013;7.8;36;46237928
Colombia;COL;2014;8;37;46677944
Colombia;COL;2015;8.1;37;47119728
Colombia;COL;2016;8.3;37;47625960
Colombia;COL;2017;8.3;37;48351668
Comoros;COM;2012;4.6;28;684564
Comoros;COM;2013;4.7;28;699397
Comoros;COM;2014;4.8;26;714617
Comoros;COM;2015;4.8;26;730221
Comoros;COM;2016;4.8;24;746239
Comoros;COM;2017;4.8;27;761672
Congo;COG;2012;6.2;26;4713260
Congo;COG;2013;6.3;22;4828073
Congo;COG;2014;6.3;23;4944865
Congo;COG;2015;6.3;23;5064390
Congo;COG;2016;6.3;20;5186830
Congo;COG;2017;6.3;21;5312347
Costa Rica;CRI;2012;8.5;54;4736593
Costa Rica;CRI;2013;8.5;53;4791541
Costa Rica;CRI;2014;8.6;54;4844293
Costa Rica;CRI;2015;8.8;55;4895241
Costa Rica;CRI;2016;8.8;58;4945205
Costa Rica;CRI;2017;8.8;59;4993849
Cote d'Ivoire;CIV;2012;4.5;29;22010708
Cote d'Ivoire;CIV;2013;4.7;27;22469272
Cote d'Ivoire;CIV;2014;4.4;32;22995554
Cote d'Ivoire;CIV;2015;5;32;23596738
Cote d'Ivoire;CIV;2016;5.1;34;24213620
Cote d'Ivoire;CIV;2017;5.2;36;24848024
Croatia;HRV;2012;11;46;4331592
Croatia;HRV;2013;11;48;4308854
Croatia;HRV;2014;11.1;48;4283968
Croatia;HRV;2015;11.2;51;4254821
Croatia;HRV;2016;11.3;49;4223748
Croatia;HRV;2017;11.3;49;4192468
Cuba;CUB;2012;10.8;48;11309292
Cuba;CUB;2013;11;46;11321583
Cuba;CUB;2014;11.2;46;11332030
Cuba;CUB;2015;11.4;47;11339888
Cuba;CUB;2016;11.6;47;11342012
Cuba;CUB;2017;11.8;47;11336405
Cyprus;CYP;2012;11.8;66;1156556
Cyprus;CYP;2013;12;63;1166972
Cyprus;CYP;2014;11.9;63;1176997
Cyprus;CYP;2015;11.9;61;1187286
Cyprus;CYP;2016;12.1;55;1197889
Cyprus;CYP;2017;12.1;57;1208527
Czechia;CZE;2012;12.4;49;10511065
Czechia;CZE;2013;12.6;48;10514547
Czechia;CZE;2014;12.8;51;10517178
Czechia;CZE;2015;12.7;56;10523801
Czechia;CZE;2016;12.7;55;10527584
Czechia;CZE;2017;12.7;57;10531315
Democratic Republic of Congo;COD;2012;5.8;21;70997872
Democratic Republic of Congo;COD;2013;6;22;73460032
Democratic Republic of Congo;COD;2014;6.2;22;76035592
Democratic Republic of Congo;COD;2015;6.4;22;78656904
Democratic Republic of Congo;COD;2016;6.6;21;81430976
Democratic Republic of Congo;COD;2017;6.8;21;84283272
Denmark;DNK;2012;12.8;90;5600955
Denmark;DNK;2013;13.2;91;5625393
Denmark;DNK;2014;12.8;92;5650654
Denmark;DNK;2015;12.5;91;5677795
Denmark;DNK;2016;12.6;90;5706856
Denmark;DNK;2017;12.6;88;5737286
Djibouti;DJI;2012;4;36;954311
Djibouti;DJI;2013;4;36;971761
Djibouti;DJI;2014;4.1;34;989091
Djibouti;DJI;2015;4.1;34;1006266
Djibouti;DJI;2016;4.1;30;1023269
Djibouti;DJI;2017;4.1;31;1040242
Dominica;DMA;2012;7.9;58;68908
Dominica;DMA;2013;7.9;58;68839
Dominica;DMA;2014;7.9;58;69388
Dominica;DMA;2016;7.8;59;70098
Dominica;DMA;2017;7.8;57;70422
Dominican Republic;DOM;2012;7.5;32;10030885
Dominican Republic;DOM;2013;7.6;29;10157054
Dominican Republic;DOM;2014;7.8;32;10282116
Dominican Republic;DOM;2015;7.8;33;10405832
Dominican Republic;DOM;2016;7.8;31;10527589
Dominican Republic;DOM;2017;7.8;29;10647247
Ecuador;ECU;2012;8.1;32;15483884
Ecuador;ECU;2013;8.3;35;15722988
Ecuador;ECU;2014;8.5;33;15957995
Ecuador;ECU;2015;8.4;32;16195904
Ecuador;ECU;2016;8.7;31;16439588
Ecuador;ECU;2017;8.7;32;16696947
Egypt;EGY;2012;6.8;32;91240384
Egypt;EGY;2013;6.9;32;93377896
Egypt;EGY;2014;7;37;95592328
Egypt;EGY;2015;7.1;36;97723792
Egypt;EGY;2016;7.2;34;99784032
Egypt;EGY;2017;7.2;32;101789384
El Salvador;SLV;2012;6.7;38;6161293
El Salvador;SLV;2013;6.6;38;6185641
El Salvador;SLV;2014;6.5;39;6209528
El Salvador;SLV;2015;6.6;39;6231072
El Salvador;SLV;2016;6.9;36;6250513
El Salvador;SLV;2017;6.9;33;6266661
Equatorial Guinea;GNQ;2012;5.5;20;1193641
Equatorial Guinea;GNQ;2013;5.5;19;1243947
Equatorial Guinea;GNQ;2017;5.5;17;1450703
Eritrea;ERI;2012;3.9;25;3252600
Eritrea;ERI;2013;3.9;20;3296370
Eritrea;ERI;2014;3.9;18;3323429
Eritrea;ERI;2015;3.9;18;3340005
Eritrea;ERI;2016;3.9;18;3365288
Eritrea;ERI;2017;4;20;3396933
Estonia;EST;2012;12.5;64;1322682
Estonia;EST;2013;12.6;68;1317985
Estonia;EST;2014;12.6;69;1314531
Estonia;EST;2015;12.7;70;1314658
Estonia;EST;2016;12.6;70;1315928
Estonia;EST;2017;12.7;71;1317550
Eswatini;SWZ;2012;6.1;37;1111453
Eswatini;SWZ;2013;6.3;39;1118329
Eswatini;SWZ;2014;6.5;43;1125872
Eswatini;SWZ;2017;6.5;39;1151397
Ethiopia;ETH;2012;2.4;33;94451280
Ethiopia;ETH;2013;2.5;33;97084376
Ethiopia;ETH;2014;2.5;33;99746768
Ethiopia;ETH;2015;2.6;33;102471896
Ethiopia;ETH;2016;2.7;34;105293232
Ethiopia;ETH;2017;2.7;35;108197944
Finland;FIN;2012;12.4;90;5413865
Finland;FIN;2013;12.3;89;5438873
Finland;FIN;2014;12.4;89;5461436
Finland;FIN;2015;12.4;90;5479457
Finland;FIN;2016;12.4;89;5495217
Finland;FIN;2017;12.4;85;5508146
France;FRA;2012;11;71;63071412
France;FRA;2013;11.2;71;63335180
France;FRA;2014;11.4;69;63588496
France;FRA;2015;11.5;70;63809768
France;FRA;2016;11.5;69;63989320
France;FRA;2017;11.5;70;64144092
Gabon;GAB;2012;7.8;35;1836711
Gabon;GAB;2013;8.1;34;1902230
Gabon;GAB;2014;8.1;37;1966858
Gabon;GAB;2015;8.1;34;2028524
Gabon;GAB;2016;8.2;35;2086210
Gabon;GAB;2017;8.2;32;2140225
Gambia;GMB;2012;3.1;34;2061020
Gambia;GMB;2013;3.2;28;2124876
Gambia;GMB;2014;3.3;29;2189023
Gambia;GMB;2015;3.4;28;2253137
Gambia;GMB;2016;3.4;26;2317212
Gambia;GMB;2017;3.5;30;2381189
Georgia;GEO;2012;12.5;52;3804358
Georgia;GEO;2013;12.6;49;3786025
Georgia;GEO;2014;12.6;52;3774232
Georgia;GEO;2015;12.7;52;3771135
Georgia;GEO;2016;12.8;57;3771112
Georgia;GEO;2017;12.8;56;3771904
Germany;DEU;2012;14;79;81545568
Germany;DEU;2013;14;78;81680592
Germany;DEU;2014;14;79;81858824
Germany;DEU;2015;14.1;81;82073232
Germany;DEU;2016;14.1;81;82331432
Germany;DEU;2017;14.1;81;82624368
Ghana;GHA;2012;6.8;45;26858760
Ghana;GHA;2013;6.9;46;27525586
Ghana;GHA;2014;6.9;48;28196356
Ghana;GHA;2015;6.9;47;28870946
Ghana;GHA;2016;7.1;43;29554298
Ghana;GHA;2017;7.1;40;30222266
Greece;GRC;2012;10.3;36;10963633
Greece;GRC;2013;10.4;40;10914501
Greece;GRC;2014;10.5;43;10862972
Greece;GRC;2015;10.6;46;10806644
Greece;GRC;2016;10.8;44;10749742
Greece;GRC;2017;10.8;48;10692230
Grenada;GRD;2016;8.7;56;119973
Grenada;GRD;2017;8.7;52;120934
Guatemala;GTM;2012;4.6;33;15128307
Guatemala;GTM;2013;4.7;29;15422663
Guatemala;GTM;2014;6.4;32;15713744
Guatemala;GTM;2015;6.3;28;16001105
Guatemala;GTM;2016;6.5;28;16291004
Guatemala;GTM;2017;6.5;28;16578718
Guinea;GIN;2012;2.4;24;10788696
Guinea;GIN;2013;2.6;24;11055433
Guinea;GIN;2014;2.6;25;11333362
Guinea;GIN;2015;2.6;25;11626003
Guinea;GIN;2016;2.6;27;11930991
Guinea;GIN;2017;2.6;27;12240791
Guinea-Bissau;GNB;2012;2.8;25;1652720
Guinea-Bissau;GNB;2013;2.8;19;1697757
Guinea-Bissau;GNB;2014;2.9;19;1743318
Guinea-Bissau;GNB;2015;2.9;17;1788931
Guinea-Bissau;GNB;2016;3;16;1834554
Guinea-Bissau;GNB;2017;3;17;1879835
Guyana;GUY;2012;8.3;28;743970
Guyana;GUY;2013;8.3;27;747424
Guyana;GUY;2014;8.4;30;751126
Guyana;GUY;2015;8.4;29;755043
Guyana;GUY;2016;8.4;34;759097
Guyana;GUY;2017;8.4;38;763265
Haiti;HTI;2012;4.9;19;10108541
Haiti;HTI;2013;5;19;10261205
Haiti;HTI;2014;5.1;19;10412741
Haiti;HTI;2015;5.2;17;10563762
Haiti;HTI;2016;5.2;20;10713845
Haiti;HTI;2017;5.3;22;10863546
Honduras;HND;2012;5.5;28;8792370
Honduras;HND;2013;5.8;26;8960654
Honduras;HND;2014;6.2;29;9127851
Honduras;HND;2015;6.3;31;9294510
Honduras;HND;2016;6.5;30;9460798
Honduras;HND;2017;6.5;29;9626845
Hong Kong;HKG;2012;11.6;77;7234062
Hong Kong;HKG;2013;11.6;75;7296820
Hong Kong;HKG;2014;11.9;74;7352180
Hong Kong;HKG;2015;12;75;7399845
Hong Kong;HKG;2016;12;77;7435925
Hong Kong;HKG;2017;12;77;7461508
Hungary;HUN;2012;12.2;55;9922133
Hungary;HUN;2013;12;54;9894637
Hungary;HUN;2014;11.8;54;9867906
Hungary;HUN;2015;11.8;51;9844250
Hungary;HUN;2016;11.9;48;9815106
Hungary;HUN;2017;11.9;45;9788940
Iceland;ISL;2012;11.5;82;320988
Iceland;ISL;2013;11.9;78;324036
Iceland;ISL;2014;12.2;79;327650
Iceland;ISL;2015;12.2;79;331068
Iceland;ISL;2016;12.4;78;335677
Iceland;ISL;2017;12.4;77;343641
India;IND;2012;5.6;36;1274487168
India;IND;2013;5.8;36;1291132032
India;IND;2014;6.1;38;1307246464
India;IND;2015;6.3;38;1322866560
India;IND;2016;6.4;40;1338636288
India;IND;2017;6.4;40;1354195712
Indonesia;IDN;2012;7.6;32;250222688
Indonesia;IDN;2013;7.8;32;253275920
Indonesia;IDN;2014;7.8;34;256229760
Indonesia;IDN;2015;7.9;36;259091968
Indonesia;IDN;2016;8;37;261850176
Indonesia;IDN;2017;8;37;264498848
Iran;IRN;2012;9.5;28;77324448
Iran;IRN;2013;9.8;25;78458928
Iran;IRN;2014;9.8;27;79961672
Iran;IRN;2015;9.8;27;81790848
Iran;IRN;2016;9.8;29;83306232
Iran;IRN;2017;9.8;30;84505080
Iraq;IRQ;2012;6.6;18;33864452
Iraq;IRQ;2013;6.6;16;35481804
Iraq;IRQ;2014;6.6;16;36746484
Iraq;IRQ;2015;6.6;16;37757812
Iraq;IRQ;2016;6.7;17;38697940
Iraq;IRQ;2017;6.8;18;39621156
Ireland;IRL;2012;11.3;69;4564550
Ireland;IRL;2013;11.8;72;4588830
Ireland;IRL;2014;12.3;74;4622165
Ireland;IRL;2015;12.3;75;4665764
Ireland;IRL;2016;12.5;73;4715791
Ireland;IRL;2017;12.5;74;4771860
Israel;ISR;2012;12.8;60;7592099
Israel;ISR;2013;12.8;61;7726675
Israel;ISR;2014;12.9;60;7863849
Israel;ISR;2015;13;61;8007777
Israel;ISR;2016;13;64;8159015
Israel;ISR;2017;13;62;8309256
Italy;ITA;2012;9.9;42;60190152
Italy;ITA;2013;10.3;43;60312600
Italy;ITA;2014;10.1;43;60322792
Italy;ITA;2015;10.2;44;60232908
Italy;ITA;2016;10.2;47;60118628
Italy;ITA;2017;10.2;50;60004024
Jamaica;JAM;2012;9.2;38;2759819
Jamaica;JAM;2013;9.4;38;2773134
Jamaica;JAM;2014;9.6;38;2784542
Jamaica;JAM;2015;9.6;41;2794455
Jamaica;JAM;2016;9.8;39;2802699
Jamaica;JAM;2017;9.8;44;2808388
Japan;JPN;2012;12;74;127853688
Japan;JPN;2013;12.2;74;127678920
Japan;JPN;2014;12.5;76;127476728
Japan;JPN;2015;12.5;75;127250936
Japan;JPN;2016;12.7;72;126993856
Japan;JPN;2017;12.8;73;126662464
Jordan;JOR;2012;9.9;48;7211866
Jordan;JOR;2013;9.9;45;7694818
Jordan;JOR;2014;10.1;49;8658030
Jordan;JOR;2015;10.3;53;9494250
Jordan;JOR;2016;10.4;48;9964659
Jordan;JOR;2017;10.4;48;10215384
Kazakhstan;KAZ;2012;11.5;28;17102868
Kazakhstan;KAZ;2013;11.6;26;17345734
Kazakhstan;KAZ;2014;11.7;29;17592296
Kazakhstan;KAZ;2015;11.7;28;17835908
Kazakhstan;KAZ;2016;11.7;29;18078558
Kazakhstan;KAZ;2017;11.8;31;18314822
Kenya;KEN;2012;6.2;27;43725808
Kenya;KEN;2013;6.3;27;44792368
Kenya;KEN;2014;6.3;25;45831860
Kenya;KEN;2015;6.3;25;46851496
Kenya;KEN;2016;6.4;26;47894668
Kenya;KEN;2017;6.5;28;48948140
Kuwait;KWT;2012;7.2;44;3394668
Kuwait;KWT;2013;6.7;43;3646520
Kuwait;KWT;2014;6.9;44;3761590
Kuwait;KWT;2015;7.1;49;3908745
Kuwait;KWT;2016;7.2;41;4048090
Kuwait;KWT;2017;7.3;39;4124904
Kyrgyzstan;KGZ;2012;10.7;24;5631955
Kyrgyzstan;KGZ;2013;10.7;24;5719561
Kyrgyzstan;KGZ;2014;10.8;27;5814426
Kyrgyzstan;KGZ;2015;10.8;28;5914985
Kyrgyzstan;KGZ;2016;10.9;28;6018303
Kyrgyzstan;KGZ;2017;10.9;29;6121266
Laos;LAO;2012;5;21;6508806
Laos;LAO;2013;5.1;26;6600736
Laos;LAO;2014;5;25;6691467
Laos;LAO;2015;5.1;25;6787420
Laos;LAO;2016;5.2;30;6891366
Laos;LAO;2017;5.2;29;6997925
Latvia;LVA;2012;12.6;49;2053635
Latvia;LVA;2013;12.7;53;2031491
Latvia;LVA;2014;12.9;55;2011040
Latvia;LVA;2015;12.8;56;1991951
Latvia;LVA;2016;12.8;57;1973477
Latvia;LVA;2017;12.8;58;1954861
Lebanon;LBN;2012;8.1;30;5178338
Lebanon;LBN;2013;8.3;28;5678859
Lebanon;LBN;2014;8.4;27;6274345
Lebanon;LBN;2015;8.5;28;6398941
Lebanon;LBN;2016;8.6;28;6258628
Lebanon;LBN;2017;8.7;28;6109255
Lesotho;LSO;2012;5.9;45;2054722
Lesotho;LSO;2013;6;49;2073948
Lesotho;LSO;2014;6.1;49;2095251
Lesotho;LSO;2015;6.1;44;2118532
Lesotho;LSO;2016;6.3;39;2143876
Lesotho;LSO;2017;6.3;42;2170622
Liberia;LBR;2012;4.3;41;4331749
Liberia;LBR;2013;4.4;38;4427319
Liberia;LBR;2014;4.4;37;4519410
Liberia;LBR;2015;4.4;37;4612330
Liberia;LBR;2016;4.5;37;4706106
Liberia;LBR;2017;4.7;31;4796632
Libya;LBY;2012;7.3;21;5869880
Libya;LBY;2013;7.3;15;5985228
Libya;LBY;2014;7.3;18;6097767
Libya;LBY;2015;7.3;16;6192241
Libya;LBY;2016;7.3;14;6282202
Libya;LBY;2017;7.3;17;6378267
Lithuania;LTU;2012;11.7;54;3063340
Lithuania;LTU;2013;11.9;57;3028191
Lithuania;LTU;2014;13;58;2994928
Lithuania;LTU;2015;13;59;2963764
Lithuania;LTU;2016;13;59;2933676
Lithuania;LTU;2017;13;59;2904452
Luxembourg;LUX;2012;11.8;80;530596
Luxembourg;LUX;2013;11.8;80;543068
Luxembourg;LUX;2014;12;82;556075
Luxembourg;LUX;2015;12;85;569415
Luxembourg;LUX;2016;12.1;81;583355
Luxembourg;LUX;2017;12.1;82;596290
Madagascar;MDG;2012;6.1;32;22966242
Madagascar;MDG;2013;6.1;28;23588078
Madagascar;MDG;2014;6.1;28;24215980
Madagascar;MDG;2015;6.1;28;24850912
Madagascar;MDG;2016;6.1;26;25501944
Madagascar;MDG;2017;6.1;24;26169540
Malawi;MWI;2012;4.3;37;15581250
Malawi;MWI;2013;4.4;37;16024775
Malawi;MWI;2014;4.4;33;16477972
Malawi;MWI;2015;4.4;31;16938944
Malawi;MWI;2016;4.5;31;17405624
Malawi;MWI;2017;4.5;31;17881172
Malaysia;MYS;2012;10.1;49;29660216
Malaysia;MYS;2013;10.1;50;30134806
Malaysia;MYS;2014;10.1;52;30606454
Malaysia;MYS;2015;10.2;50;31068834
Malaysia;MYS;2016;10.2;49;31526414
Malaysia;MYS;2017;10.2;47;31975812
Maldives;MDV;2016;6.3;36;454263
Maldives;MDV;2017;6.3;33;472449
Mali;MLI;2012;2.1;34;16514689
Mali;MLI;2013;2.2;28;17004038
Mali;MLI;2014;2.3;32;17551824
Mali;MLI;2015;2.3;35;18112910
Mali;MLI;2016;2.3;32;18700108
Mali;MLI;2017;2.3;31;19311356
Malta;MLT;2012;10.8;57;429912
Malta;MLT;2013;11;56;437531
Malta;MLT;2014;11.1;55;446449
Malta;MLT;2015;11.2;60;456585
Malta;MLT;2016;11.3;55;467717
Malta;MLT;2017;11.3;56;479507
Mauritania;MRT;2012;4;31;3636122
Mauritania;MRT;2013;4.1;30;3742965
Mauritania;MRT;2014;4.3;30;3843181
Mauritania;MRT;2015;4.3;31;3946225
Mauritania;MRT;2016;4.4;27;4051896
Mauritania;MRT;2017;4.5;28;4160018
Mauritius;MUS;2012;8.6;57;1288753
Mauritius;MUS;2013;8.9;52;1290698
Mauritius;MUS;2014;9.1;54;1292112
Mauritius;MUS;2015;9.1;53;1293159
Mauritius;MUS;2016;9.3;54;1293909
Mauritius;MUS;2017;9.3;50;1294743
Mexico;MEX;2012;8.6;34;115755912
Mexico;MEX;2013;8.4;34;117290680
Mexico;MEX;2014;8.4;35;118755888
Mexico;MEX;2015;8.6;31;120149896
Mexico;MEX;2016;8.6;30;121519224
Mexico;MEX;2017;8.6;29;122839256
Moldova;MDA;2012;11.4;36;3507197
Moldova;MDA;2013;11.6;35;3416532
Moldova;MDA;2014;11.6;35;3338338
Moldova;MDA;2015;11.6;33;3277390
Moldova;MDA;2016;11.6;30;3225125
Moldova;MDA;2017;11.6;31;3180515
Mongolia;MNG;2012;9.9;36;2792354
Mongolia;MNG;2013;10;38;2845160
Mongolia;MNG;2014;10.1;39;2902826
Mongolia;MNG;2015;10.1;39;2964756
Mongolia;MNG;2016;10.1;38;3029559
Mongolia;MNG;2017;10.1;36;3096033
Montenegro;MNE;2012;11.2;41;633053
Montenegro;MNE;2013;11.2;44;633951
Montenegro;MNE;2014;11.3;42;634301
Montenegro;MNE;2015;11.3;44;633969
Montenegro;MNE;2016;11.3;45;633264
Montenegro;MNE;2017;11.3;46;632445
Morocco;MAR;2012;4.6;37;33352166
Morocco;MAR;2013;4.8;37;33803528
Morocco;MAR;2014;5;39;34248608
Morocco;MAR;2015;5;36;34680456
Morocco;MAR;2016;5.4;37;35107272
Morocco;MAR;2017;5.5;40;35528116
Mozambique;MOZ;2012;3.3;31;24487614
Mozambique;MOZ;2013;3.4;30;25251738
Mozambique;MOZ;2014;3.4;31;26038704
Mozambique;MOZ;2015;3.5;31;26843252
Mozambique;MOZ;2016;3.5;27;27696500
Mozambique;MOZ;2017;3.5;25;28569448
Myanmar;MMR;2012;4.5;15;50218196
Myanmar;MMR;2013;4.7;21;50648336
Myanmar;MMR;2014;4.8;21;51072436
Myanmar;MMR;2015;4.9;22;51483956
Myanmar;MMR;2016;4.9;28;51892352
Myanmar;MMR;2017;4.9;30;52288344
Namibia;NAM;2012;6.4;48;2167474
Namibia;NAM;2013;6.6;48;2204517
Namibia;NAM;2014;6.7;49;2243008
Namibia;NAM;2015;6.7;53;2282709
Namibia;NAM;2016;6.8;52;2323351
Namibia;NAM;2017;6.8;51;2364540
Nepal;NPL;2012;4;27;27330696
Nepal;NPL;2013;4.2;31;27381558
Nepal;NPL;2014;4.5;29;27462110
Nepal;NPL;2015;4.7;27;27610328
Nepal;NPL;2016;4.9;29;27861186
Nepal;NPL;2017;4.9;31;28183424
Netherlands;NLD;2012;12;84;16785296
Netherlands;NLD;2013;12.1;83;16867352
Netherlands;NLD;2014;12.1;83;16954080
Netherlands;NLD;2015;12.1;84;17041110
Netherlands;NLD;2016;12.1;83;17124512
Netherlands;NLD;2017;12.2;82;17207204
New Zealand;NZL;2012;12.1;90;4410285
New Zealand;NZL;2013;12.1;91;4450641
New Zealand;NZL;2014;12.2;91;4514198
New Zealand;NZL;2015;12.4;91;4590591
New Zealand;NZL;2016;12.5;90;4668088
New Zealand;NZL;2017;12.5;89;4746253
Nicaragua;NIC;2012;6.3;29;6030605
Nicaragua;NIC;2013;6.4;28;6119377
Nicaragua;NIC;2014;6.5;28;6208680
Nicaragua;NIC;2015;6.5;27;6298610
Nicaragua;NIC;2016;6.7;26;6389237
Nicaragua;NIC;2017;6.7;26;6480534
Niger;NER;2012;1.6;33;17954410
Niger;NER;2013;1.7;34;18653204
Niger;NER;2014;1.7;35;19372012
Niger;NER;2015;1.8;34;20128132
Niger;NER;2016;1.9;35;20921748
Niger;NER;2017;2;33;21737924
Nigeria;NGA;2012;5.7;27;170075936
Nigeria;NGA;2013;5.9;25;174726128
Nigeria;NGA;2014;5.9;27;179379024
Nigeria;NGA;2015;6;26;183995776
Nigeria;NGA;2016;6.2;28;188666928
Nigeria;NGA;2017;6.2;27;193495904
North Macedonia;MKD;2012;9.3;43;2099486
North Macedonia;MKD;2013;9.4;44;2102220
North Macedonia;MKD;2014;9.5;45;2105293
North Macedonia;MKD;2015;9.6;42;2107965
North Macedonia;MKD;2016;9.6;37;2110194
North Macedonia;MKD;2017;9.6;35;2111982
Norway;NOR;2012;12.6;85;5019058
Norway;NOR;2013;12.7;86;5080667
Norway;NOR;2014;12.5;86;5137926
Norway;NOR;2015;12.5;88;5190357
Norway;NOR;2016;12.6;85;5236591
Norway;NOR;2017;12.6;85;5277396
Oman;OMN;2012;8.6;47;3535585
Oman;OMN;2013;8.9;47;3816688
Oman;OMN;2014;9.3;45;4009272
Oman;OMN;2015;9.5;45;4191784
Oman;OMN;2016;9.5;45;4398080
Oman;OMN;2017;9.5;44;4541853
Pakistan;PAK;2012;4.8;27;202205856
Pakistan;PAK;2013;4.9;28;205337552
Pakistan;PAK;2014;5.1;29;208251632
Pakistan;PAK;2015;5.1;30;210969296
Pakistan;PAK;2016;5.2;32;213524848
Pakistan;PAK;2017;5.2;32;216379648
Panama;PAN;2012;9.5;38;3754871
Panama;PAN;2013;9.7;35;3821557
Panama;PAN;2014;9.9;37;3888795
Panama;PAN;2015;9.9;39;3957102
Panama;PAN;2016;10;38;4026338
Panama;PAN;2017;10.2;37;4096071
Papua New Guinea;PNG;2012;4.2;25;8026548
Papua New Guinea;PNG;2013;4.3;25;8245634
Papua New Guinea;PNG;2014;4.3;25;8464159
Papua New Guinea;PNG;2015;4.3;25;8682172
Papua New Guinea;PNG;2016;4.6;28;8899176
Papua New Guinea;PNG;2017;4.6;29;9114803
Paraguay;PRY;2012;7.8;25;5923327
Paraguay;PRY;2013;8.3;24;6005656
Paraguay;PRY;2014;8.2;24;6090727
Paraguay;PRY;2015;8.5;27;6177954
Paraguay;PRY;2016;8.4;30;6266623
Paraguay;PRY;2017;8.4;29;6355406
Peru;PER;2012;8.6;38;29749592
Peru;PER;2013;8.8;38;30038810
Peru;PER;2014;9.4;38;30353956
Peru;PER;2015;9.1;36;30711864
Peru;PER;2016;9.2;35;31132776
Peru;PER;2017;9.2;37;31605488
Philippines;PHL;2012;9.1;34;98032320
Philippines;PHL;2013;9.1;36;99700112
Philippines;PHL;2014;9.2;38;101325208
Philippines;PHL;2015;9.3;35;103031360
Philippines;PHL;2016;9.3;35;104875272
Philippines;PHL;2017;9.3;34;106738496
Poland;POL;2012;11.7;58;38625872
Poland;POL;2013;12.1;60;38607352
Poland;POL;2014;11.3;61;38581880
Poland;POL;2015;12.1;63;38553148
Poland;POL;2016;12.2;62;38532108
Poland;POL;2017;12.3;60;38532816
Portugal;PRT;2012;8.5;63;10522085
Portugal;PRT;2013;8.6;62;10464537
Portugal;PRT;2014;8.9;63;10408379
Portugal;PRT;2015;9.1;64;10365436
Portugal;PRT;2016;9.2;62;10332751
Portugal;PRT;2017;9.2;63;10307528
Qatar;QAT;2012;9.2;68;1905670
Qatar;QAT;2013;9.9;68;2035509
Qatar;QAT;2014;9.8;69;2214471
Qatar;QAT;2015;9.8;71;2414580
Qatar;QAT;2016;9.8;61;2595175
Qatar;QAT;2017;9.8;63;2711764
Romania;ROU;2012;10.9;44;20137112
Romania;ROU;2013;10.9;43;20066550
Romania;ROU;2014;10.9;43;19995836
Romania;ROU;2015;10.9;46;19906078
Romania;ROU;2016;11;48;19797820
Romania;ROU;2017;11;48;19698852
Russia;RUS;2012;11.7;28;143629360
Russia;RUS;2013;11.8;28;143956864
Russia;RUS;2014;11.9;27;144285072
Russia;RUS;2015;12;29;144668384
Russia;RUS;2016;12;29;145109152
Russia;RUS;2017;12;29;145452544
Rwanda;RWA;2012;3.7;53;10840331
Rwanda;RWA;2013;3.8;53;11101352
Rwanda;RWA;2014;4;49;11368450
Rwanda;RWA;2015;4;54;11642963
Rwanda;RWA;2016;4.1;54;11930902
Rwanda;RWA;2017;4.1;55;12230343
Saint Lucia;LCA;2012;8.4;71;173139
Saint Lucia;LCA;2013;8.4;71;173992
Saint Lucia;LCA;2014;8.7;71;174814
Saint Lucia;LCA;2016;8.9;60;176429
Saint Lucia;LCA;2017;8.9;55;177175
Saint Vincent and the Grenadines;VCT;2012;8.5;62;108105
Saint Vincent and the Grenadines;VCT;2013;8.6;62;107469
Saint Vincent and the Grenadines;VCT;2014;8.6;62;106934
Saint Vincent and the Grenadines;VCT;2016;8.6;60;105971
Saint Vincent and the Grenadines;VCT;2017;8.6;58;105568
Sao Tome and Principe;STP;2012;5.1;42;189936
Sao Tome and Principe;STP;2013;5.2;42;193765
Sao Tome and Principe;STP;2014;5.3;42;197511
Sao Tome and Principe;STP;2015;5.6;42;201142
Sao Tome and Principe;STP;2016;6;46;204640
Sao Tome and Principe;STP;2017;6.3;46;208050
Saudi Arabia;SAU;2012;9.4;44;30821554
Saudi Arabia;SAU;2013;9.5;46;31482502
Saudi Arabia;SAU;2014;9.5;49;32125570
Saudi Arabia;SAU;2015;9.5;52;32749838
Saudi Arabia;SAU;2016;9.5;46;33416272
Saudi Arabia;SAU;2017;9.5;49;34193120
Senegal;SEN;2012;2.6;36;13231840
Senegal;SEN;2013;2.8;41;13595571
Senegal;SEN;2014;2.8;43;13970314
Senegal;SEN;2015;2.9;44;14356191
Senegal;SEN;2016;2.9;45;14751356
Senegal;SEN;2017;3;45;15157793
Serbia;SRB;2012;10.5;39;7591357
Serbia;SRB;2013;10.4;42;7566674
Serbia;SRB;2014;10.7;41;7543965
Serbia;SRB;2015;11;40;7519501
Serbia;SRB;2016;11.1;42;7493288
Serbia;SRB;2017;11.1;41;7464882
Seychelles;SYC;2012;8.8;52;95319
Seychelles;SYC;2013;9.1;54;96730
Seychelles;SYC;2014;9.4;55;98016
Seychelles;SYC;2015;9.5;55;99260
Seychelles;SYC;2017;9.5;60;101828
Sierra Leone;SLE;2012;3.2;31;6788594
Sierra Leone;SLE;2013;3.3;30;6964867
Sierra Leone;SLE;2014;3.3;31;7140700
Sierra Leone;SLE;2015;3.4;29;7314779
Sierra Leone;SLE;2016;3.4;30;7493918
Sierra Leone;SLE;2017;3.5;30;7677570
Singapore;SGP;2012;11.3;87;5381003
Singapore;SGP;2013;11.4;86;5478063
Singapore;SGP;2014;11.4;84;5570505
Singapore;SGP;2015;11.5;85;5650020
Singapore;SGP;2016;11.5;84;5711936
Singapore;SGP;2017;11.5;84;5764489
Slovakia;SVK;2012;12.3;46;5409283
Slovakia;SVK;2013;12.2;47;5414744
Slovakia;SVK;2014;12.3;50;5419572
Slovakia;SVK;2015;12.5;51;5424449
Slovakia;SVK;2016;12.5;51;5431205
Slovakia;SVK;2017;12.5;50;5439418
Slovenia;SVN;2012;11.7;61;2069365
Slovenia;SVN;2013;11.7;57;2072374
Slovenia;SVN;2014;11.9;58;2074923
Slovenia;SVN;2015;12;60;2080865
Slovenia;SVN;2016;12.3;61;2090020
Slovenia;SVN;2017;12.2;61;2098396
Solomon Islands;SLB;2016;5.4;42;628110
Solomon Islands;SLB;2017;5.5;39;643641
South Africa;ZAF;2012;9.8;43;53145036
South Africa;ZAF;2013;9.9;42;53873608
South Africa;ZAF;2014;10;44;54729556
South Africa;ZAF;2015;10.1;44;55876504
South Africa;ZAF;2016;10.1;45;56422272
South Africa;ZAF;2017;10.1;43;56641208
South Korea;KOR;2012;11.9;56;49634188
South Korea;KOR;2013;12;55;50098228
South Korea;KOR;2014;12.1;55;50558044
South Korea;KOR;2015;12.1;54;50994396
South Korea;KOR;2016;12.1;53;51309984
South Korea;KOR;2017;12.1;54;51511640
South Sudan;SSD;2013;4.8;14;11106037
South Sudan;SSD;2014;4.8;15;11213286
South Sudan;SSD;2015;4.8;15;11194300
South Sudan;SSD;2016;4.8;11;11066116
South Sudan;SSD;2017;4.8;12;10658230
Spain;ESP;2012;9.5;65;46756084
Spain;ESP;2013;9.5;59;46603460
Spain;ESP;2014;9.7;60;46464548
Spain;ESP;2015;9.7;58;46431344
Spain;ESP;2016;9.8;58;46473320
Spain;ESP;2017;9.8;57;46584168
Sri Lanka;LKA;2012;10.9;40;21017150
Sri Lanka;LKA;2013;10.9;37;21131762
Sri Lanka;LKA;2014;10.9;38;21239448
Sri Lanka;LKA;2015;10.9;37;21336692
Sri Lanka;LKA;2016;10.9;36;21425494
Sri Lanka;LKA;2017;10.9;38;21506816
Sudan;SDN;2012;3.3;13;35159792
Sudan;SDN;2013;3.4;11;35990708
Sudan;SDN;2014;3.5;11;37003248
Sudan;SDN;2015;3.6;12;38171172
Sudan;SDN;2016;3.6;14;39377168
Sudan;SDN;2017;3.7;16;40679820
Suriname;SUR;2012;7.9;37;558111
Suriname;SUR;2013;8.1;36;563952
Suriname;SUR;2014;8.2;36;569687
Suriname;SUR;2015;8.4;36;575478
Suriname;SUR;2016;8.5;45;581462
Suriname;SUR;2017;8.5;41;587566
Sweden;SWE;2012;12.4;88;9555984
Sweden;SWE;2013;12.2;89;9648935
Sweden;SWE;2014;12.3;87;9747507
Sweden;SWE;2015;12.4;89;9849344
Sweden;SWE;2016;12.4;88;9953322
Sweden;SWE;2017;12.4;84;10058191
Switzerland;CHE;2012;13.4;86;7995738
Switzerland;CHE;2013;13.4;85;8088370
Switzerland;CHE;2014;13.4;86;8187792
Switzerland;CHE;2015;13.4;86;8281735
Switzerland;CHE;2016;13.4;86;8372902
Switzerland;CHE;2017;13.4;85;8451688
Syria;SYR;2012;6.3;26;22605582
Syria;SYR;2013;6.3;17;21495830
Syria;SYR;2014;5.6;20;20072232
Syria;SYR;2015;5.1;18;19205178
Syria;SYR;2016;5.1;13;18964252
Syria;SYR;2017;5.1;14;18983370
Tajikistan;TJK;2012;10.7;22;7956383
Tajikistan;TJK;2013;10.7;22;8136612
Tajikistan;TJK;2014;10.6;23;8326354
Tajikistan;TJK;2015;10.5;26;8524066
Tajikistan;TJK;2016;10.5;25;8725326
Tajikistan;TJK;2017;10.4;21;8925529
Tanzania;TZA;2012;5.5;35;47786136
Tanzania;TZA;2013;5.5;33;49253648
Tanzania;TZA;2014;5.6;31;50814552
Tanzania;TZA;2015;5.8;30;52542824
Tanzania;TZA;2016;5.8;32;54401804
Tanzania;TZA;2017;5.8;36;56267040
Thailand;THA;2012;7.7;37;69157024
Thailand;THA;2013;7.5;35;69578600
Thailand;THA;2014;7.6;38;69960944
Thailand;THA;2015;7.6;38;70294408
Thailand;THA;2016;7.6;35;70607032
Thailand;THA;2017;7.6;37;70898208
Timor;TLS;2012;4.5;33;1137683
Timor;TLS;2013;4.5;30;1161558
Timor;TLS;2014;4.5;28;1184842
Timor;TLS;2015;4.5;28;1205822
Timor;TLS;2016;4.5;35;1224568
Timor;TLS;2017;4.5;38;1243238
Togo;TGO;2012;4.4;30;6926634
Togo;TGO;2013;4.5;29;7106238
Togo;TGO;2014;4.7;29;7288381
Togo;TGO;2015;4.7;32;7473232
Togo;TGO;2016;4.8;32;7661361
Togo;TGO;2017;4.8;32;7852799
Trinidad and Tobago;TTO;2012;10.8;39;1430379
Trinidad and Tobago;TTO;2013;10.8;38;1440731
Trinidad and Tobago;TTO;2014;10.8;38;1450663
Trinidad and Tobago;TTO;2015;10.8;39;1460180
Trinidad and Tobago;TTO;2016;10.9;35;1469334
Trinidad and Tobago;TTO;2017;10.9;41;1478616
Tunisia;TUN;2012;6.8;41;11174384
Tunisia;TUN;2013;6.8;41;11300284
Tunisia;TUN;2014;6.9;40;11428953
Tunisia;TUN;2015;7;38;11557779
Tunisia;TUN;2016;7.1;41;11685666
Tunisia;TUN;2017;7.2;42;11811441
Turkey;TUR;2012;7.5;49;75277440
Turkey;TUR;2013;7.7;50;76576120
Turkey;TUR;2014;7.6;45;78112064
Turkey;TUR;2015;7.8;42;79646176
Turkey;TUR;2016;8;41;81019400
Turkey;TUR;2017;8;40;82089824
Turkmenistan;TKM;2012;9.8;17;5458688
Turkmenistan;TKM;2013;9.8;17;5560099
Turkmenistan;TKM;2014;9.8;17;5663159
Turkmenistan;TKM;2015;9.8;18;5766427
Turkmenistan;TKM;2016;9.8;22;5868568
Turkmenistan;TKM;2017;9.8;19;5968388
Uganda;UGA;2012;5.3;29;34273296
Uganda;UGA;2013;5.4;26;35273568
Uganda;UGA;2014;5.5;26;36336544
Uganda;UGA;2015;5.7;25;37477356
Uganda;UGA;2016;5.7;25;38748308
Uganda;UGA;2017;6.1;26;40127096
Ukraine;UKR;2012;11.3;26;45406228
Ukraine;UKR;2013;11.3;25;45307104
Ukraine;UKR;2014;11.3;26;45148072
Ukraine;UKR;2015;11.3;27;44982568
Ukraine;UKR;2016;11.3;29;44833568
Ukraine;UKR;2017;11.3;30;44657260
United Arab Emirates;ARE;2012;10.2;68;8664976
United Arab Emirates;ARE;2013;10.3;69;8751853
United Arab Emirates;ARE;2014;10.5;70;8835957
United Arab Emirates;ARE;2015;10.6;70;8916909
United Arab Emirates;ARE;2016;10.8;66;8994266
United Arab Emirates;ARE;2017;10.8;71;9068297
United Kingdom;GBR;2012;12.9;74;63808728
United Kingdom;GBR;2013;12.6;76;64302296
United Kingdom;GBR;2014;12.7;78;64773504
United Kingdom;GBR;2015;12.8;81;65224368
United Kingdom;GBR;2016;12.9;81;65655204
United Kingdom;GBR;2017;12.9;82;66064808
United States;USA;2012;13.3;73;316651328
United States;USA;2013;13.2;73;319375168
United States;USA;2014;13.3;74;322033952
United States;USA;2015;13.3;76;324607776
United States;USA;2016;13.4;74;327210208
United States;USA;2017;13.4;75;329791232
Uruguay;URY;2012;8.5;72;3371134
Uruguay;URY;2013;8.5;73;3381187
Uruguay;URY;2014;8.6;73;3391660
Uruguay;URY;2015;8.7;74;3402820
Uruguay;URY;2016;8.7;71;3413768
Uruguay;URY;2017;8.7;70;3422205
Uzbekistan;UZB;2012;11.1;17;29503058
Uzbekistan;UZB;2013;11.3;17;29963220
Uzbekistan;UZB;2014;11.3;18;30446542
Uzbekistan;UZB;2015;11.4;19;30949416
Uzbekistan;UZB;2016;11.4;21;31453576
Uzbekistan;UZB;2017;11.5;22;31945680
Vanuatu;VUT;2017;6.8;43;290250
Venezuela;VEN;2012;9.7;19;29470428
Venezuela;VEN;2013;9.9;20;29838022
Venezuela;VEN;2014;10;19;30193260
Venezuela;VEN;2015;10.1;17;30529722
Venezuela;VEN;2016;10.1;17;30741464
Venezuela;VEN;2017;10.3;18;30563430
Vietnam;VNM;2012;7.8;31;89301328
Vietnam;VNM;2013;7.9;31;90267736
Vietnam;VNM;2014;7.8;31;91235504
Vietnam;VNM;2015;8;31;92191400
Vietnam;VNM;2016;8.1;33;93126528
Vietnam;VNM;2017;8.2;35;94033048
Yemen;YEM;2012;3;23;26223390
Yemen;YEM;2013;3;18;26984008
Yemen;YEM;2014;3;19;27753310
Yemen;YEM;2015;3;18;28516552
Yemen;YEM;2016;3;14;29274010
Yemen;YEM;2017;3;16;30034386
Zambia;ZMB;2012;6.7;37;14744662
Zambia;ZMB;2013;6.8;38;15234976
Zambia;ZMB;2014;6.9;38;15737796
Zambia;ZMB;2015;6.9;38;16248231
Zambia;ZMB;2016;7;38;16767758
Zambia;ZMB;2017;7;37;17298056
Zimbabwe;ZWE;2012;7.9;20;13265331
Zimbabwe;ZWE;2013;8;21;13555420
Zimbabwe;ZWE;2014;8.2;21;13855758
Zimbabwe;ZWE;2015;8.2;21;14154937
Zimbabwe;ZWE;2016;8.2;22;14452705
Zimbabwe;ZWE;2017;8.2;22;14751101